gene	n_ss_samples_with_upoutlier	pct_ss_samples_with_upoutlier	list_of_samples
AC066694.1	8	22.22222222222222	THR39_1360_S01, THR39_1361_S01, THR39_1362_S01, THR39_1363_S01, THR39_1364_S01, THR39_1365_S01, THR39_1377_S01, THR39_1369_S01
AC132217.4	5	13.88888888888889	TCGA-MJ-A850-01, TCGA-DX-A7ER-01, TCGA-FX-A8OO-01, THR39_1378_S01, TCGA-DX-A7EQ-01
ADAM33	10	27.77777777777778	THR39_1363_S01, THR39_1364_S01, THR39_1370_S01, THR39_1371_S01, THR39_1373_S01, THR39_1376_S01, TH03_0156_S01, THR39_1368_S01, THR39_1374_S01, THR39_1378_S01
ADAMTSL2	6	16.666666666666664	TCGA-X6-A8C7-01, TCGA-DX-A7EO-01, TCGA-Z4-AAPF-01, THR39_1361_S01, THR39_1375_S01, THR39_1372_S01
ADARB1	5	13.88888888888889	TCGA-DX-AB3B-01, THR39_1360_S01, THR39_1361_S01, THR39_1362_S01, THR31_1386_S01
ADCY4	10	27.77777777777778	TCGA-DX-A7EO-01, THR39_1363_S01, THR39_1370_S01, THR39_1373_S01, THR39_1376_S01, THR31_1386_S01, THR31_1393_S01, TH03_0156_S01, THR39_1374_S01, THR39_1378_S01
ADGRA2	7	19.444444444444446	TH03_0112_S02, THR39_1364_S01, THR39_1376_S01, THR31_1386_S01, THR31_1392_S01, TH27_0976_S01, THR39_1368_S01
ADGRA3	21	58.333333333333336	TCGA-DX-AB3B-01, TCGA-X6-A8C7-01, TCGA-WK-A8XT-01, TH03_0112_S01, TH03_0112_S02, THR39_1360_S01, THR39_1361_S01, THR39_1363_S01, THR39_1366_S01, THR39_1367_S01, THR39_1371_S01, THR39_1375_S01, THR39_1376_S01, THR31_1386_S01, THR31_1392_S01, THR31_1393_S01, TH03_0156_S01, TH27_0976_S01, THR39_1368_S01, THR39_1369_S01, THR39_1374_S01
ADGRB1	12	33.33333333333333	TCGA-DX-AB3B-01, TCGA-X6-A8C7-01, TCGA-DX-A7ER-01, TH03_0112_S01, TH03_0112_S02, THR39_1360_S01, THR39_1371_S01, THR31_1386_S01, THR39_1368_S01, THR39_1369_S01, THR39_1372_S01, THR39_1378_S01
AKAP9	10	27.77777777777778	TH03_0112_S01, TH03_0112_S02, THR39_1363_S01, THR39_1364_S01, THR39_1367_S01, THR39_1370_S01, THR39_1371_S01, THR39_1376_S01, THR39_1372_S01, THR39_1374_S01
AL442127.1	8	22.22222222222222	THR39_1362_S01, THR39_1364_S01, THR39_1370_S01, THR39_1375_S01, THR39_1376_S01, THR39_1377_S01, THR39_1368_S01, THR39_1374_S01
AL603831.1	4	11.11111111111111	THR39_1371_S01, TH27_0976_S01, THR39_1369_S01, THR39_1372_S01
ALDH1A2	8	22.22222222222222	TCGA-DX-AB3C-01, TCGA-WK-A8XT-01, TH03_0112_S01, THR39_1360_S01, THR39_1362_S01, THR31_1386_S01, THR31_1392_S01, TH27_0976_S01
AP003068.9	5	13.88888888888889	TCGA-DX-A7EO-01, TCGA-DX-A7ER-01, TCGA-DX-AB3C-01, THR39_1378_S01, TCGA-DX-A7EQ-01
APBB3	4	11.11111111111111	THR39_1371_S01, THR39_1373_S01, THR39_1368_S01, THR39_1369_S01
ARC	6	16.666666666666664	TCGA-Z4-AAPF-01, TH03_0112_S02, THR39_1367_S01, THR39_1371_S01, THR39_1376_S01, THR39_1369_S01
ARHGEF9	6	16.666666666666664	TCGA-DX-AB3C-01, TCGA-FX-A8OO-01, TCGA-WK-A8XT-01, THR31_1386_S01, THR39_1368_S01, THR39_1372_S01
ATF7	7	19.444444444444446	THR39_1360_S01, THR39_1361_S01, THR39_1371_S01, THR31_1386_S01, THR31_1392_S01, TH27_0976_S01, THR39_1369_S01
ATN1	5	13.88888888888889	TCGA-X6-A8C7-01, TH03_0112_S01, THR39_1371_S01, THR31_1386_S01, TH27_0976_S01
BARX1	20	55.55555555555556	TCGA-MJ-A850-01, TCGA-X6-A8C7-01, TCGA-DX-A7EO-01, TCGA-DX-AB3C-01, TCGA-Z4-AAPF-01, TH03_0112_S01, TH03_0112_S02, THR39_1363_S01, THR39_1364_S01, THR39_1366_S01, THR39_1367_S01, THR39_1371_S01, THR39_1373_S01, THR39_1376_S01, TH27_0976_S01, THR39_1369_S01, THR39_1372_S01, THR39_1374_S01, THR39_1378_S01, TCGA-DX-A7EQ-01
BCOR	18	50	TCGA-DX-AB3B-01, TCGA-X6-A8C7-01, TCGA-DX-A7EO-01, TCGA-WK-A8XT-01, TH03_0112_S01, TH03_0112_S02, THR39_1360_S01, THR39_1361_S01, THR39_1362_S01, THR39_1365_S01, THR39_1366_S01, THR39_1367_S01, THR39_1375_S01, THR39_1377_S01, THR31_1386_S01, TH27_0976_S01, THR39_1368_S01, THR39_1369_S01
BMP4	5	13.88888888888889	TCGA-DX-AB3B-01, TCGA-MJ-A850-01, TCGA-X6-A8C7-01, THR39_1366_S01, THR39_1367_S01
BMP5	14	38.88888888888889	TCGA-WK-A8XT-01, TH03_0112_S01, TH03_0112_S02, THR39_1361_S01, THR39_1363_S01, THR39_1365_S01, THR39_1366_S01, THR39_1367_S01, THR39_1375_S01, THR39_1377_S01, THR31_1386_S01, THR31_1392_S01, THR39_1374_S01, THR39_1378_S01
BMPER	10	27.77777777777778	TCGA-DX-AB3B-01, TCGA-X6-A8C7-01, TCGA-WK-A8XT-01, THR39_1360_S01, THR39_1361_S01, THR39_1365_S01, THR39_1367_S01, THR39_1375_S01, THR39_1368_S01, THR39_1369_S01
C12orf57	4	11.11111111111111	TCGA-DX-A7ER-01, TH03_0112_S01, THR31_1386_S01, TCGA-DX-A7EQ-01
CA11	8	22.22222222222222	TCGA-DX-A7ER-01, TCGA-DX-AB3C-01, TH03_0112_S01, THR39_1367_S01, TH03_0156_S01, THR39_1372_S01, THR39_1378_S01, TCGA-DX-A7EQ-01
CACNA1G	11	30.555555555555557	TCGA-WK-A8XT-01, TH03_0112_S02, THR39_1360_S01, THR39_1364_S01, THR39_1371_S01, THR31_1386_S01, TH27_0976_S01, THR39_1368_S01, THR39_1369_S01, THR39_1372_S01, THR39_1378_S01
CACNA1H	11	30.555555555555557	TCGA-X6-A8C7-01, TCGA-WK-A8XT-01, TH03_0112_S01, TH03_0112_S02, THR39_1360_S01, THR39_1371_S01, THR39_1373_S01, THR31_1386_S01, THR39_1368_S01, THR39_1369_S01, THR39_1372_S01
CAPN6	6	16.666666666666664	TCGA-DX-AB3B-01, TCGA-DX-AB3C-01, TH03_0112_S01, TH03_0112_S02, THR39_1369_S01, THR39_1372_S01
CBLN1	6	16.666666666666664	TCGA-DX-A7ER-01, TH03_0112_S01, THR39_1367_S01, THR39_1371_S01, THR39_1372_S01, THR39_1378_S01
CBX4	9	25	TCGA-X6-A8C7-01, TH03_0112_S01, TH03_0112_S02, THR39_1360_S01, THR39_1362_S01, THR39_1365_S01, THR39_1371_S01, THR31_1386_S01, THR39_1369_S01
CCDC102A	8	22.22222222222222	TCGA-DX-AB3B-01, TCGA-DX-A7ER-01, TCGA-DX-AB3C-01, TH03_0112_S01, TH03_0112_S02, THR39_1360_S01, THR31_1386_S01, TH27_0976_S01
CCNL2	4	11.11111111111111	THR39_1373_S01, THR39_1376_S01, TH03_0156_S01, THR39_1368_S01
CDH23	5	13.88888888888889	THR39_1373_S01, THR39_1376_S01, THR31_1393_S01, THR39_1372_S01, THR39_1378_S01
CDON	12	33.33333333333333	TCGA-X6-A8C7-01, TCGA-WK-A8XT-01, TH03_0112_S02, THR39_1365_S01, THR39_1367_S01, THR39_1375_S01, THR31_1386_S01, THR31_1392_S01, THR31_1393_S01, TH03_0156_S01, THR39_1368_S01, THR39_1369_S01
CEP112	4	11.11111111111111	THR39_1363_S01, THR39_1364_S01, THR39_1371_S01, THR39_1374_S01
CHAD	11	30.555555555555557	TCGA-DX-AB3B-01, TCGA-DX-A7EO-01, TCGA-DX-A7ER-01, TCGA-DX-AB3C-01, TCGA-Z4-AAPF-01, THR39_1361_S01, THR39_1366_S01, THR39_1367_S01, THR39_1371_S01, THR39_1375_S01, THR39_1372_S01
CHD9	8	22.22222222222222	TCGA-X6-A8C7-01, THR39_1363_S01, THR39_1364_S01, THR39_1370_S01, THR39_1375_S01, THR39_1376_S01, TH03_0156_S01, TH27_0976_S01
CHODL	6	16.666666666666664	THR39_1361_S01, THR39_1362_S01, THR39_1363_S01, THR39_1373_S01, TH27_0976_S01, THR39_1374_S01
CHST1	4	11.11111111111111	TH03_0112_S01, THR31_1386_S01, THR39_1372_S01, TCGA-DX-A7EQ-01
CHST2	4	11.11111111111111	TCGA-DX-AB3B-01, TH03_0112_S01, TH03_0112_S02, THR39_1360_S01
CHST8	15	41.66666666666667	TCGA-MJ-A850-01, TCGA-DX-A7EO-01, TCGA-DX-A7ER-01, TCGA-DX-AB3C-01, TCGA-FX-A8OO-01, TCGA-WK-A8XT-01, TH03_0112_S01, TH03_0112_S02, THR39_1366_S01, THR39_1370_S01, THR31_1386_S01, THR31_1393_S01, THR39_1368_S01, THR39_1372_S01, TCGA-DX-A7EQ-01
CILP2	11	30.555555555555557	TCGA-DX-AB3B-01, TCGA-MJ-A850-01, TCGA-DX-A7ER-01, TH03_0112_S01, THR39_1361_S01, THR39_1367_S01, THR39_1371_S01, THR39_1375_S01, THR31_1392_S01, THR31_1393_S01, THR39_1372_S01
CLUL1	7	19.444444444444446	TH03_0112_S01, TH03_0112_S02, THR39_1364_S01, THR39_1366_S01, THR31_1386_S01, THR39_1368_S01, THR39_1372_S01
CNPY4	6	16.666666666666664	TCGA-DX-AB3B-01, TH03_0112_S01, TH03_0112_S02, THR39_1361_S01, THR39_1367_S01, THR39_1368_S01
CNTFR	9	25	TCGA-WK-A8XT-01, TH03_0112_S01, TH03_0112_S02, THR39_1371_S01, THR31_1386_S01, THR31_1392_S01, THR39_1368_S01, THR39_1369_S01, THR39_1372_S01
CNTNAP1	8	22.22222222222222	TCGA-X6-A8C7-01, TCGA-DX-AB3C-01, TCGA-FX-A8OO-01, TH03_0112_S01, THR39_1360_S01, THR39_1370_S01, TH27_0976_S01, THR39_1369_S01
COL11A2	11	30.555555555555557	TCGA-DX-A7ER-01, TCGA-DX-AB3C-01, TH03_0112_S01, TH03_0112_S02, THR39_1360_S01, THR39_1361_S01, THR31_1386_S01, THR39_1368_S01, THR39_1369_S01, THR39_1378_S01, TCGA-DX-A7EQ-01
COL13A1	4	11.11111111111111	TCGA-WK-A8XT-01, TH03_0112_S01, THR39_1373_S01, THR39_1372_S01
COL21A1	6	16.666666666666664	THR39_1363_S01, THR39_1367_S01, THR31_1392_S01, THR39_1368_S01, THR39_1369_S01, THR39_1374_S01
COL23A1	16	44.44444444444444	TCGA-MJ-A850-01, TCGA-DX-A7ER-01, TCGA-DX-AB3C-01, TCGA-WK-A8XT-01, TH03_0112_S01, TH03_0112_S02, THR39_1370_S01, THR39_1371_S01, THR39_1373_S01, THR31_1386_S01, THR31_1392_S01, THR31_1393_S01, TH03_0156_S01, THR39_1372_S01, THR39_1378_S01, TCGA-DX-A7EQ-01
COL2A1	25	69.44444444444444	TCGA-DX-AB3B-01, TCGA-DX-A7EO-01, TCGA-DX-A7ER-01, TCGA-DX-AB3C-01, TCGA-WK-A8XT-01, TCGA-Z4-AAPF-01, TH03_0112_S01, TH03_0112_S02, THR39_1360_S01, THR39_1362_S01, THR39_1363_S01, THR39_1364_S01, THR39_1367_S01, THR39_1370_S01, THR39_1371_S01, THR39_1376_S01, THR31_1386_S01, THR31_1393_S01, TH03_0156_S01, TH27_0976_S01, THR39_1368_S01, THR39_1369_S01, THR39_1372_S01, THR39_1374_S01, TCGA-DX-A7EQ-01
COL9A1	5	13.88888888888889	TCGA-DX-AB3B-01, TCGA-X6-A8C7-01, TH03_0156_S01, TH27_0976_S01, THR39_1369_S01
COL9A3	26	72.22222222222221	TCGA-DX-AB3B-01, TCGA-MJ-A850-01, TCGA-DX-AB3C-01, TCGA-FX-A8OO-01, TCGA-WK-A8XT-01, TCGA-Z4-AAPF-01, TH03_0112_S01, TH03_0112_S02, THR39_1360_S01, THR39_1361_S01, THR39_1362_S01, THR39_1364_S01, THR39_1365_S01, THR39_1371_S01, THR39_1373_S01, THR39_1375_S01, THR39_1377_S01, THR31_1386_S01, THR31_1392_S01, TH03_0156_S01, THR39_1368_S01, THR39_1369_S01, THR39_1372_S01, THR39_1374_S01, THR39_1378_S01, TCGA-DX-A7EQ-01
COLEC12	19	52.77777777777778	TCGA-DX-AB3B-01, TCGA-X6-A8C7-01, TCGA-FX-A8OO-01, TCGA-WK-A8XT-01, TH03_0112_S02, THR39_1360_S01, THR39_1361_S01, THR39_1362_S01, THR39_1365_S01, THR39_1367_S01, THR39_1370_S01, THR39_1371_S01, THR39_1375_S01, THR39_1376_S01, THR39_1377_S01, THR31_1386_S01, THR31_1392_S01, TH27_0976_S01, THR39_1369_S01
CPAMD8	7	19.444444444444446	TH03_0112_S02, THR39_1360_S01, THR39_1363_S01, THR39_1375_S01, THR39_1376_S01, TH27_0976_S01, THR39_1374_S01
CPT1C	9	25	TCGA-DX-A7EO-01, TCGA-DX-A7ER-01, TCGA-DX-AB3C-01, TH03_0112_S01, THR31_1386_S01, THR39_1368_S01, THR39_1372_S01, THR39_1378_S01, TCGA-DX-A7EQ-01
CRABP1	26	72.22222222222221	TCGA-DX-AB3B-01, TCGA-MJ-A850-01, TCGA-DX-A7EO-01, TCGA-DX-A7ER-01, TCGA-FX-A8OO-01, TCGA-WK-A8XT-01, TCGA-Z4-AAPF-01, TH03_0112_S01, TH03_0112_S02, THR39_1360_S01, THR39_1361_S01, THR39_1362_S01, THR39_1363_S01, THR39_1366_S01, THR39_1367_S01, THR39_1370_S01, THR39_1371_S01, THR39_1375_S01, THR39_1376_S01, THR31_1386_S01, TH03_0156_S01, TH27_0976_S01, THR39_1368_S01, THR39_1369_S01, THR39_1374_S01, THR39_1378_S01
CRLF1	35	97.22222222222221	TCGA-DX-AB3B-01, TCGA-MJ-A850-01, TCGA-X6-A8C7-01, TCGA-DX-A7EO-01, TCGA-DX-A7ER-01, TCGA-DX-AB3C-01, TCGA-FX-A8OO-01, TCGA-WK-A8XT-01, TCGA-Z4-AAPF-01, TH03_0112_S01, TH03_0112_S02, THR39_1360_S01, THR39_1361_S01, THR39_1362_S01, THR39_1364_S01, THR39_1365_S01, THR39_1366_S01, THR39_1367_S01, THR39_1370_S01, THR39_1371_S01, THR39_1373_S01, THR39_1375_S01, THR39_1376_S01, THR39_1377_S01, THR31_1386_S01, THR31_1392_S01, THR31_1393_S01, TH03_0156_S01, TH27_0976_S01, THR39_1368_S01, THR39_1369_S01, THR39_1372_S01, THR39_1374_S01, THR39_1378_S01, TCGA-DX-A7EQ-01
CRTAC1	22	61.111111111111114	TCGA-MJ-A850-01, TCGA-DX-A7ER-01, TCGA-DX-AB3C-01, TCGA-FX-A8OO-01, TCGA-WK-A8XT-01, TH03_0112_S01, TH03_0112_S02, THR39_1361_S01, THR39_1364_S01, THR39_1366_S01, THR39_1367_S01, THR39_1370_S01, THR39_1371_S01, THR39_1373_S01, THR39_1375_S01, THR39_1376_S01, THR31_1386_S01, THR31_1392_S01, THR31_1393_S01, TH03_0156_S01, THR39_1372_S01, TCGA-DX-A7EQ-01
CSNK1G2	4	11.11111111111111	TH03_0112_S01, TH03_0112_S02, THR31_1386_S01, TH27_0976_S01
CTAG1A	21	58.333333333333336	TCGA-DX-AB3B-01, TCGA-MJ-A850-01, TCGA-DX-A7EO-01, TCGA-DX-AB3C-01, TH03_0112_S01, TH03_0112_S02, THR39_1361_S01, THR39_1362_S01, THR39_1363_S01, THR39_1364_S01, THR39_1366_S01, THR39_1370_S01, THR39_1371_S01, THR39_1375_S01, THR31_1386_S01, THR31_1392_S01, THR31_1393_S01, THR39_1372_S01, THR39_1374_S01, THR39_1378_S01, TCGA-DX-A7EQ-01
CTAG1B	12	33.33333333333333	TCGA-DX-AB3B-01, TCGA-MJ-A850-01, TCGA-DX-AB3C-01, TCGA-Z4-AAPF-01, TH03_0112_S01, THR39_1363_S01, THR39_1364_S01, THR39_1366_S01, THR39_1371_S01, TH03_0156_S01, THR39_1378_S01, TCGA-DX-A7EQ-01
CTAG2	5	13.88888888888889	TCGA-DX-AB3B-01, TH03_0112_S01, THR39_1371_S01, THR39_1372_S01, TCGA-DX-A7EQ-01
CTC-575D19.1	5	13.88888888888889	TCGA-DX-A7EO-01, TCGA-FX-A8OO-01, THR39_1366_S01, THR39_1367_S01, THR39_1376_S01
CTD-2147F2.1	7	19.444444444444446	TCGA-DX-A7ER-01, THR39_1373_S01, THR39_1376_S01, THR31_1393_S01, THR39_1374_S01, THR39_1378_S01, TCGA-DX-A7EQ-01
CUL4B	7	19.444444444444446	TCGA-X6-A8C7-01, THR39_1364_S01, THR39_1367_S01, THR39_1375_S01, THR39_1368_S01, THR39_1369_S01, THR39_1372_S01
CYTH3	6	16.666666666666664	THR39_1360_S01, THR39_1361_S01, THR39_1366_S01, THR39_1367_S01, THR39_1375_S01, TH27_0976_S01
CYTL1	9	25	THR39_1363_S01, THR39_1364_S01, THR39_1370_S01, THR39_1371_S01, THR39_1376_S01, THR31_1386_S01, THR31_1393_S01, TH27_0976_S01, THR39_1372_S01
DACT1	21	58.333333333333336	TCGA-DX-AB3B-01, TCGA-X6-A8C7-01, TCGA-DX-A7ER-01, TCGA-DX-AB3C-01, TCGA-WK-A8XT-01, TCGA-Z4-AAPF-01, THR39_1360_S01, THR39_1361_S01, THR39_1362_S01, THR39_1364_S01, THR39_1365_S01, THR39_1366_S01, THR39_1367_S01, THR39_1371_S01, THR39_1375_S01, THR39_1377_S01, THR31_1386_S01, THR31_1392_S01, TH27_0976_S01, THR39_1368_S01, THR39_1369_S01
DAZ1	7	19.444444444444446	TCGA-DX-AB3C-01, TH03_0112_S01, TH03_0112_S02, THR39_1361_S01, THR39_1362_S01, THR31_1392_S01, TH27_0976_S01
DLG4	9	25	TCGA-DX-AB3B-01, TCGA-X6-A8C7-01, TH03_0112_S01, TH03_0112_S02, THR39_1360_S01, THR39_1371_S01, THR31_1386_S01, THR39_1368_S01, THR39_1372_S01
DLK1	21	58.333333333333336	TCGA-DX-AB3B-01, TCGA-MJ-A850-01, TCGA-X6-A8C7-01, TCGA-DX-A7ER-01, TCGA-FX-A8OO-01, TCGA-WK-A8XT-01, TH03_0112_S01, THR39_1361_S01, THR39_1362_S01, THR39_1365_S01, THR39_1367_S01, THR39_1371_S01, THR39_1373_S01, THR39_1375_S01, THR39_1377_S01, THR31_1386_S01, TH27_0976_S01, THR39_1368_S01, THR39_1369_S01, THR39_1372_S01, TCGA-DX-A7EQ-01
DLX1	16	44.44444444444444	TCGA-X6-A8C7-01, TCGA-FX-A8OO-01, TCGA-Z4-AAPF-01, THR39_1360_S01, THR39_1361_S01, THR39_1362_S01, THR39_1363_S01, THR39_1365_S01, THR39_1366_S01, THR39_1367_S01, THR39_1370_S01, THR39_1375_S01, THR39_1376_S01, THR31_1386_S01, THR39_1368_S01, THR39_1369_S01
DLX5	14	38.88888888888889	TCGA-X6-A8C7-01, TCGA-DX-A7EO-01, TCGA-DX-AB3C-01, THR39_1361_S01, THR39_1362_S01, THR39_1365_S01, THR39_1366_S01, THR39_1367_S01, THR39_1371_S01, THR39_1375_S01, THR39_1377_S01, THR31_1386_S01, TH27_0976_S01, THR39_1378_S01
DLX6-AS1	5	13.88888888888889	TCGA-DX-AB3C-01, THR39_1366_S01, THR39_1367_S01, THR39_1377_S01, TH27_0976_S01
DNAJC14	4	11.11111111111111	THR39_1362_S01, THR31_1386_S01, TH27_0976_S01, THR39_1372_S01
DNM3OS	31	86.11111111111111	TCGA-DX-AB3B-01, TCGA-MJ-A850-01, TCGA-X6-A8C7-01, TCGA-DX-A7EO-01, TCGA-DX-A7ER-01, TCGA-DX-AB3C-01, TCGA-FX-A8OO-01, TCGA-Z4-AAPF-01, TH03_0112_S01, TH03_0112_S02, THR39_1361_S01, THR39_1363_S01, THR39_1364_S01, THR39_1366_S01, THR39_1367_S01, THR39_1370_S01, THR39_1371_S01, THR39_1373_S01, THR39_1375_S01, THR39_1376_S01, THR39_1377_S01, THR31_1386_S01, THR31_1392_S01, THR31_1393_S01, TH03_0156_S01, THR39_1368_S01, THR39_1369_S01, THR39_1372_S01, THR39_1374_S01, THR39_1378_S01, TCGA-DX-A7EQ-01
DOC2B	4	11.11111111111111	THR39_1371_S01, THR39_1373_S01, TH03_0156_S01, THR39_1372_S01
DPEP1	4	11.11111111111111	THR39_1365_S01, THR31_1386_S01, THR39_1369_S01, TCGA-DX-A7EQ-01
EBF1	5	13.88888888888889	TCGA-DX-AB3B-01, TH03_0112_S01, TH03_0112_S02, THR39_1367_S01, THR31_1386_S01
EBF2	7	19.444444444444446	TCGA-FX-A8OO-01, THR39_1370_S01, THR39_1376_S01, THR31_1386_S01, TH03_0156_S01, THR39_1368_S01, THR39_1369_S01
EBF3	25	69.44444444444444	TCGA-DX-AB3B-01, TCGA-X6-A8C7-01, TCGA-DX-A7ER-01, TCGA-FX-A8OO-01, TCGA-WK-A8XT-01, TCGA-Z4-AAPF-01, TH03_0112_S01, TH03_0112_S02, THR39_1360_S01, THR39_1361_S01, THR39_1365_S01, THR39_1366_S01, THR39_1367_S01, THR39_1370_S01, THR39_1371_S01, THR39_1373_S01, THR39_1375_S01, THR39_1376_S01, THR31_1386_S01, THR31_1392_S01, THR31_1393_S01, TH03_0156_S01, THR39_1368_S01, THR39_1369_S01, THR39_1378_S01
ECEL1	12	33.33333333333333	TCGA-DX-AB3B-01, TCGA-MJ-A850-01, TH03_0112_S01, TH03_0112_S02, THR39_1362_S01, THR39_1366_S01, THR39_1371_S01, THR39_1373_S01, TH03_0156_S01, THR39_1372_S01, THR39_1374_S01, TCGA-DX-A7EQ-01
EDN3	6	16.666666666666664	THR39_1364_S01, THR39_1367_S01, THR31_1392_S01, TH27_0976_S01, THR39_1368_S01, THR39_1372_S01
EDNRA	7	19.444444444444446	THR39_1364_S01, THR39_1367_S01, THR39_1373_S01, THR39_1375_S01, THR31_1392_S01, TH27_0976_S01, THR39_1369_S01
EFNA2	5	13.88888888888889	TH03_0112_S01, TH03_0112_S02, THR39_1362_S01, THR31_1386_S01, THR39_1368_S01
EFNB3	20	55.55555555555556	TCGA-DX-AB3B-01, TCGA-WK-A8XT-01, TH03_0112_S01, TH03_0112_S02, THR39_1360_S01, THR39_1361_S01, THR39_1362_S01, THR39_1364_S01, THR39_1365_S01, THR39_1366_S01, THR39_1367_S01, THR39_1371_S01, THR39_1373_S01, THR39_1377_S01, THR31_1386_S01, THR31_1393_S01, TH27_0976_S01, THR39_1368_S01, THR39_1369_S01, THR39_1372_S01
EIF3E	5	13.88888888888889	THR39_1363_S01, THR39_1370_S01, THR39_1376_S01, THR39_1369_S01, THR39_1374_S01
EIF3F	4	11.11111111111111	TCGA-DX-A7ER-01, TCGA-FX-A8OO-01, TCGA-WK-A8XT-01, THR39_1368_S01
ELFN1	4	11.11111111111111	TH03_0112_S01, TH03_0112_S02, THR31_1386_S01, THR39_1368_S01
EMILIN3	7	19.444444444444446	TCGA-MJ-A850-01, TCGA-FX-A8OO-01, TH03_0112_S02, THR39_1363_S01, THR39_1364_S01, THR39_1376_S01, THR39_1374_S01
ENPP6	4	11.11111111111111	TCGA-FX-A8OO-01, THR39_1370_S01, THR39_1373_S01, THR31_1393_S01
EPHA4	6	16.666666666666664	TCGA-DX-A7ER-01, THR39_1360_S01, THR39_1366_S01, THR39_1367_S01, THR31_1386_S01, THR31_1392_S01
ERF	4	11.11111111111111	TH03_0112_S01, THR39_1366_S01, THR39_1371_S01, THR31_1386_S01
EXTL2	9	25	THR39_1360_S01, THR39_1361_S01, THR39_1365_S01, THR39_1366_S01, THR39_1367_S01, THR39_1371_S01, THR39_1375_S01, THR39_1377_S01, THR39_1369_S01
EYA1	6	16.666666666666664	TCGA-DX-A7ER-01, TH03_0112_S01, THR39_1360_S01, THR31_1386_S01, THR31_1392_S01, THR39_1368_S01
FAM101A	12	33.33333333333333	TCGA-DX-AB3B-01, TCGA-MJ-A850-01, TCGA-DX-A7EO-01, TCGA-DX-A7ER-01, TH03_0112_S02, THR39_1360_S01, THR39_1366_S01, THR39_1371_S01, THR39_1376_S01, THR31_1386_S01, THR39_1372_S01, TCGA-DX-A7EQ-01
FAM132A	5	13.88888888888889	TCGA-DX-AB3C-01, THR39_1362_S01, THR39_1368_S01, THR39_1378_S01, TCGA-DX-A7EQ-01
FAM156A	4	11.11111111111111	THR39_1360_S01, THR39_1368_S01, THR39_1369_S01, THR39_1372_S01
FAM172A	6	16.666666666666664	THR39_1363_S01, THR39_1370_S01, THR39_1376_S01, THR31_1392_S01, THR31_1393_S01, THR39_1374_S01
FAM43A	7	19.444444444444446	TCGA-DX-A7ER-01, TH03_0112_S02, THR39_1366_S01, THR39_1367_S01, THR39_1371_S01, THR31_1386_S01, THR39_1368_S01
FBN2	14	38.88888888888889	TCGA-X6-A8C7-01, TCGA-DX-A7EO-01, TCGA-DX-AB3C-01, TH03_0112_S01, THR39_1360_S01, THR39_1361_S01, THR39_1362_S01, THR39_1366_S01, THR39_1375_S01, THR39_1377_S01, THR31_1386_S01, TH27_0976_S01, THR39_1368_S01, THR39_1369_S01
FIBCD1	6	16.666666666666664	TCGA-Z4-AAPF-01, THR39_1362_S01, THR39_1366_S01, THR31_1386_S01, TH03_0156_S01, TCGA-DX-A7EQ-01
FKBP7	10	27.77777777777778	TCGA-DX-AB3B-01, TCGA-WK-A8XT-01, THR39_1360_S01, THR39_1361_S01, THR39_1363_S01, THR39_1364_S01, THR39_1370_S01, THR31_1386_S01, TH27_0976_S01, THR39_1374_S01
FLRT2	10	27.77777777777778	TCGA-X6-A8C7-01, THR39_1360_S01, THR39_1361_S01, THR39_1366_S01, THR39_1367_S01, THR39_1371_S01, THR39_1375_S01, THR31_1392_S01, TH27_0976_S01, THR39_1369_S01
FOXC1	16	44.44444444444444	TCGA-DX-AB3B-01, TCGA-X6-A8C7-01, TH03_0112_S02, THR39_1361_S01, THR39_1362_S01, THR39_1365_S01, THR39_1366_S01, THR39_1367_S01, THR39_1371_S01, THR39_1375_S01, THR39_1377_S01, THR31_1386_S01, THR31_1392_S01, TH27_0976_S01, THR39_1368_S01, THR39_1369_S01
FOXD1	13	36.11111111111111	TCGA-DX-AB3B-01, TCGA-X6-A8C7-01, TCGA-DX-A7EO-01, THR39_1360_S01, THR39_1361_S01, THR39_1365_S01, THR39_1366_S01, THR39_1367_S01, THR39_1371_S01, THR39_1375_S01, THR39_1377_S01, THR31_1386_S01, THR39_1369_S01
FOXD1-AS1	17	47.22222222222222	TCGA-DX-AB3B-01, TCGA-MJ-A850-01, TCGA-X6-A8C7-01, TCGA-DX-A7EO-01, TCGA-DX-A7ER-01, THR39_1360_S01, THR39_1361_S01, THR39_1365_S01, THR39_1366_S01, THR39_1367_S01, THR39_1370_S01, THR39_1371_S01, THR39_1375_S01, THR39_1377_S01, THR39_1368_S01, THR39_1369_S01, THR39_1378_S01
FOXF1	4	11.11111111111111	TCGA-DX-AB3B-01, THR39_1360_S01, THR39_1371_S01, THR39_1369_S01
FOXF2	5	13.88888888888889	TCGA-WK-A8XT-01, TCGA-Z4-AAPF-01, THR31_1386_S01, THR31_1392_S01, THR39_1369_S01
FRZB	6	16.666666666666664	TCGA-X6-A8C7-01, TH03_0112_S01, TH03_0112_S02, THR39_1361_S01, THR39_1362_S01, THR39_1375_S01
FTCD	5	13.88888888888889	TCGA-Z4-AAPF-01, THR39_1362_S01, THR39_1368_S01, THR39_1372_S01, THR39_1378_S01
FZD1	23	63.888888888888886	TCGA-DX-AB3B-01, TCGA-MJ-A850-01, TCGA-X6-A8C7-01, TCGA-FX-A8OO-01, TCGA-WK-A8XT-01, TH03_0112_S01, TH03_0112_S02, THR39_1361_S01, THR39_1363_S01, THR39_1364_S01, THR39_1365_S01, THR39_1366_S01, THR39_1367_S01, THR39_1370_S01, THR39_1371_S01, THR39_1373_S01, THR39_1375_S01, THR39_1376_S01, THR31_1386_S01, THR31_1392_S01, THR39_1368_S01, THR39_1372_S01, THR39_1374_S01
FZD10	8	22.22222222222222	TCGA-WK-A8XT-01, TCGA-Z4-AAPF-01, THR39_1362_S01, THR39_1377_S01, THR31_1386_S01, THR31_1393_S01, THR39_1368_S01, THR39_1372_S01
FZD8	4	11.11111111111111	TCGA-DX-AB3B-01, TCGA-X6-A8C7-01, THR39_1366_S01, TH27_0976_S01
GALNT9	6	16.666666666666664	TCGA-Z4-AAPF-01, TH03_0112_S01, THR39_1360_S01, THR39_1362_S01, THR39_1372_S01, TCGA-DX-A7EQ-01
GATA6	8	22.22222222222222	TCGA-DX-AB3B-01, TCGA-X6-A8C7-01, THR39_1361_S01, THR39_1366_S01, THR39_1367_S01, THR39_1375_S01, THR31_1386_S01, THR39_1369_S01
GDI1	4	11.11111111111111	THR39_1364_S01, THR31_1386_S01, THR39_1368_S01, THR39_1372_S01
GFRA1	19	52.77777777777778	TCGA-DX-AB3B-01, TCGA-DX-A7ER-01, TCGA-DX-AB3C-01, TCGA-FX-A8OO-01, TCGA-WK-A8XT-01, TH03_0112_S02, THR39_1360_S01, THR39_1361_S01, THR39_1365_S01, THR39_1366_S01, THR39_1367_S01, THR39_1375_S01, THR39_1377_S01, THR31_1386_S01, THR31_1392_S01, THR31_1393_S01, TH03_0156_S01, TH27_0976_S01, THR39_1369_S01
GLI1	12	33.33333333333333	TH03_0112_S02, THR39_1362_S01, THR39_1363_S01, THR39_1365_S01, THR39_1370_S01, THR39_1371_S01, THR39_1373_S01, THR39_1377_S01, THR31_1393_S01, TH27_0976_S01, THR39_1369_S01, THR39_1372_S01
GLT8D2	26	72.22222222222221	TCGA-DX-AB3B-01, TCGA-X6-A8C7-01, TCGA-WK-A8XT-01, TCGA-Z4-AAPF-01, TH03_0112_S01, TH03_0112_S02, THR39_1360_S01, THR39_1361_S01, THR39_1363_S01, THR39_1364_S01, THR39_1365_S01, THR39_1366_S01, THR39_1367_S01, THR39_1370_S01, THR39_1371_S01, THR39_1373_S01, THR39_1375_S01, THR39_1376_S01, THR39_1377_S01, THR31_1386_S01, THR31_1392_S01, TH27_0976_S01, THR39_1368_S01, THR39_1369_S01, THR39_1372_S01, THR39_1374_S01
GP1BB	4	11.11111111111111	TCGA-DX-A7ER-01, THR31_1386_S01, THR39_1378_S01, TCGA-DX-A7EQ-01
GPR162	15	41.66666666666667	TCGA-DX-A7ER-01, TCGA-DX-AB3C-01, TCGA-Z4-AAPF-01, TH03_0112_S01, TH03_0112_S02, THR39_1360_S01, THR39_1362_S01, THR39_1364_S01, THR39_1371_S01, THR39_1373_S01, THR39_1376_S01, TH27_0976_S01, THR39_1368_S01, THR39_1372_S01, TCGA-DX-A7EQ-01
GPRASP2	5	13.88888888888889	THR39_1364_S01, THR39_1367_S01, THR39_1371_S01, THR39_1369_S01, THR39_1372_S01
GRK5	7	19.444444444444446	TCGA-X6-A8C7-01, TH03_0112_S02, THR39_1363_S01, THR39_1364_S01, THR39_1376_S01, TH03_0156_S01, THR39_1369_S01
HAND2	4	11.11111111111111	THR39_1361_S01, THR39_1362_S01, THR39_1377_S01, TH27_0976_S01
HAUS7	6	16.666666666666664	THR39_1366_S01, THR39_1375_S01, THR39_1376_S01, THR39_1372_S01, THR39_1378_S01, TCGA-DX-A7EQ-01
HHIP	4	11.11111111111111	TCGA-DX-A7EO-01, TH03_0112_S01, THR31_1392_S01, THR39_1368_S01
HLX	4	11.11111111111111	TCGA-DX-A7ER-01, TH03_0112_S01, THR39_1361_S01, TH27_0976_S01
HMGCLL1	7	19.444444444444446	TCGA-WK-A8XT-01, THR39_1366_S01, THR39_1367_S01, THR31_1386_S01, THR31_1392_S01, THR39_1368_S01, THR39_1378_S01
HMX1	5	13.88888888888889	TH03_0112_S01, TH03_0112_S02, THR31_1386_S01, THR39_1378_S01, TCGA-DX-A7EQ-01
HNRNPA1	7	19.444444444444446	TCGA-FX-A8OO-01, TCGA-WK-A8XT-01, THR39_1363_S01, THR39_1370_S01, THR31_1392_S01, THR39_1368_S01, THR39_1374_S01
HOTAIR	5	13.88888888888889	THR39_1361_S01, THR39_1362_S01, THR39_1377_S01, THR31_1386_S01, TH27_0976_S01
HOXC12	5	13.88888888888889	THR39_1361_S01, THR39_1362_S01, THR39_1377_S01, THR31_1386_S01, TH27_0976_S01
HOXD10	6	16.666666666666664	THR39_1363_S01, THR39_1364_S01, THR39_1370_S01, THR39_1376_S01, TH03_0156_S01, THR39_1374_S01
HOXD11	5	13.88888888888889	TCGA-X6-A8C7-01, THR39_1363_S01, THR39_1364_S01, THR39_1376_S01, THR39_1374_S01
HOXD12	4	11.11111111111111	TCGA-X6-A8C7-01, THR39_1364_S01, TH03_0156_S01, THR39_1374_S01
HOXD9	4	11.11111111111111	THR39_1363_S01, THR39_1364_S01, THR39_1376_S01, THR39_1374_S01
ICAM5	8	22.22222222222222	THR39_1360_S01, THR39_1361_S01, THR39_1366_S01, THR39_1370_S01, THR39_1376_S01, THR31_1386_S01, THR31_1393_S01, THR39_1369_S01
IDH3G	4	11.11111111111111	TCGA-X6-A8C7-01, TCGA-FX-A8OO-01, THR39_1364_S01, THR31_1386_S01
IGF2	5	13.88888888888889	TCGA-FX-A8OO-01, THR39_1362_S01, THR39_1377_S01, TH03_0156_S01, THR39_1372_S01
IGSF21	6	16.666666666666664	TCGA-DX-AB3C-01, TCGA-FX-A8OO-01, TH03_0112_S01, TH03_0112_S02, THR31_1392_S01, THR31_1393_S01
IL17RD	4	11.11111111111111	TCGA-X6-A8C7-01, THR39_1361_S01, THR39_1367_S01, THR39_1375_S01
ISM1	5	13.88888888888889	TCGA-DX-AB3B-01, TCGA-DX-AB3C-01, TH03_0112_S01, THR39_1360_S01, THR39_1364_S01
JPH4	7	19.444444444444446	THR39_1363_S01, THR39_1366_S01, THR39_1367_S01, THR39_1376_S01, TH27_0976_S01, THR39_1368_S01, THR39_1378_S01
KAZALD1	6	16.666666666666664	TCGA-X6-A8C7-01, TCGA-Z4-AAPF-01, TH03_0156_S01, TH27_0976_S01, THR39_1368_S01, THR39_1369_S01
KCNIP1	8	22.22222222222222	TCGA-FX-A8OO-01, TCGA-WK-A8XT-01, TH03_0112_S01, THR39_1364_S01, THR39_1373_S01, THR39_1376_S01, THR31_1392_S01, THR39_1368_S01
KCNQ2	14	38.88888888888889	TCGA-MJ-A850-01, TCGA-DX-A7ER-01, TCGA-WK-A8XT-01, TCGA-Z4-AAPF-01, TH03_0112_S01, TH03_0112_S02, THR39_1362_S01, THR39_1371_S01, THR31_1386_S01, THR39_1368_S01, THR39_1369_S01, THR39_1372_S01, THR39_1378_S01, TCGA-DX-A7EQ-01
KDELC2	6	16.666666666666664	THR39_1361_S01, THR39_1363_S01, THR39_1364_S01, THR39_1375_S01, THR39_1368_S01, THR39_1374_S01
KERA	5	13.88888888888889	TCGA-WK-A8XT-01, THR39_1373_S01, THR39_1376_S01, TH03_0156_S01, THR39_1374_S01
KIF26B	7	19.444444444444446	TCGA-WK-A8XT-01, THR39_1361_S01, THR39_1366_S01, THR39_1367_S01, THR39_1373_S01, THR31_1386_S01, THR31_1392_S01
KRT14	4	11.11111111111111	TCGA-MJ-A850-01, THR39_1365_S01, THR39_1375_S01, THR39_1377_S01
LGR6	7	19.444444444444446	TCGA-FX-A8OO-01, THR39_1365_S01, THR39_1366_S01, THR39_1367_S01, THR39_1373_S01, THR39_1377_S01, TH03_0156_S01
LINC00982	7	19.444444444444446	TCGA-DX-AB3B-01, THR39_1362_S01, TH27_0976_S01, THR39_1368_S01, THR39_1369_S01, THR39_1378_S01, TCGA-DX-A7EQ-01
LRRC4B	8	22.22222222222222	TCGA-DX-A7ER-01, TCGA-WK-A8XT-01, TH03_0112_S01, TH03_0112_S02, THR39_1360_S01, THR31_1386_S01, THR39_1368_S01, THR39_1372_S01
LTBP4	8	22.22222222222222	TCGA-X6-A8C7-01, TCGA-DX-AB3C-01, TH03_0112_S01, THR39_1361_S01, THR39_1377_S01, THR31_1386_S01, THR39_1368_S01, THR39_1369_S01
LY6H	5	13.88888888888889	TCGA-DX-A7ER-01, TH03_0112_S01, THR39_1362_S01, THR39_1372_S01, TCGA-DX-A7EQ-01
MAB21L1	5	13.88888888888889	TCGA-WK-A8XT-01, THR39_1363_S01, THR39_1364_S01, TH03_0156_S01, THR39_1374_S01
MAFA	4	11.11111111111111	TH03_0112_S01, TH03_0112_S02, THR31_1386_S01, TCGA-DX-A7EQ-01
MAGEA4	9	25	TCGA-DX-AB3B-01, TCGA-MJ-A850-01, THR31_1386_S01, THR31_1393_S01, TH03_0156_S01, THR39_1368_S01, THR39_1369_S01, THR39_1372_S01, THR39_1378_S01
MAP3K12	5	13.88888888888889	THR39_1371_S01, THR39_1373_S01, TH03_0156_S01, TH27_0976_S01, THR39_1372_S01
MBTPS1	5	13.88888888888889	TCGA-X6-A8C7-01, THR39_1360_S01, THR39_1375_S01, THR39_1368_S01, THR39_1369_S01
MCTP2	10	27.77777777777778	THR39_1363_S01, THR39_1364_S01, THR39_1366_S01, THR39_1370_S01, THR39_1373_S01, THR39_1376_S01, THR31_1392_S01, THR31_1393_S01, TH03_0156_S01, THR39_1374_S01
MEG3	25	69.44444444444444	TCGA-DX-AB3B-01, TCGA-MJ-A850-01, TCGA-X6-A8C7-01, TCGA-DX-A7EO-01, TCGA-DX-A7ER-01, TCGA-DX-AB3C-01, TCGA-FX-A8OO-01, THR39_1362_S01, THR39_1364_S01, THR39_1365_S01, THR39_1366_S01, THR39_1370_S01, THR39_1371_S01, THR39_1373_S01, THR39_1375_S01, THR39_1376_S01, THR39_1377_S01, THR31_1386_S01, THR31_1393_S01, TH03_0156_S01, THR39_1368_S01, THR39_1369_S01, THR39_1372_S01, THR39_1378_S01, TCGA-DX-A7EQ-01
MEGF6	13	36.11111111111111	TCGA-DX-AB3B-01, TH03_0112_S01, TH03_0112_S02, THR39_1362_S01, THR39_1365_S01, THR39_1371_S01, THR39_1373_S01, THR39_1375_S01, THR39_1376_S01, THR39_1377_S01, TH03_0156_S01, THR39_1369_S01, THR39_1372_S01
MEOX1	4	11.11111111111111	TCGA-MJ-A850-01, TCGA-DX-A7EO-01, TCGA-DX-A7ER-01, TH27_0976_S01
MEOX2	30	83.33333333333334	TCGA-DX-AB3B-01, TCGA-MJ-A850-01, TCGA-DX-A7EO-01, TCGA-DX-A7ER-01, TCGA-DX-AB3C-01, TCGA-FX-A8OO-01, TCGA-WK-A8XT-01, TCGA-Z4-AAPF-01, TH03_0112_S01, TH03_0112_S02, THR39_1360_S01, THR39_1361_S01, THR39_1363_S01, THR39_1364_S01, THR39_1366_S01, THR39_1367_S01, THR39_1370_S01, THR39_1371_S01, THR39_1373_S01, THR39_1375_S01, THR39_1376_S01, THR31_1386_S01, THR31_1392_S01, THR31_1393_S01, TH03_0156_S01, TH27_0976_S01, THR39_1368_S01, THR39_1372_S01, THR39_1374_S01, THR39_1378_S01
MEX3B	4	11.11111111111111	THR39_1360_S01, THR39_1363_S01, THR39_1364_S01, TH03_0156_S01
MIA	5	13.88888888888889	TCGA-MJ-A850-01, TCGA-DX-A7EO-01, THR39_1371_S01, THR31_1386_S01, TCGA-DX-A7EQ-01
MIAT	4	11.11111111111111	THR39_1362_S01, THR39_1366_S01, THR39_1377_S01, THR39_1374_S01
MID1	4	11.11111111111111	THR39_1367_S01, THR31_1386_S01, THR31_1392_S01, THR39_1368_S01
MLLT3	7	19.444444444444446	TCGA-X6-A8C7-01, TH03_0112_S01, THR39_1363_S01, THR39_1366_S01, THR39_1367_S01, THR31_1386_S01, TH27_0976_S01
MMP17	4	11.11111111111111	THR39_1362_S01, THR39_1371_S01, THR31_1386_S01, THR39_1372_S01
MMP23A	8	22.22222222222222	TCGA-DX-AB3B-01, TCGA-MJ-A850-01, TCGA-DX-A7EO-01, TCGA-Z4-AAPF-01, THR39_1362_S01, THR39_1364_S01, THR39_1377_S01, TH27_0976_S01
MMP23B	14	38.88888888888889	TCGA-DX-AB3B-01, TCGA-DX-A7EO-01, TCGA-DX-AB3C-01, TCGA-Z4-AAPF-01, THR39_1362_S01, THR39_1370_S01, THR39_1375_S01, THR39_1376_S01, THR39_1377_S01, THR31_1392_S01, THR39_1369_S01, THR39_1372_S01, THR39_1378_S01, TCGA-DX-A7EQ-01
MN1	5	13.88888888888889	TCGA-DX-AB3B-01, THR39_1360_S01, THR31_1386_S01, THR39_1368_S01, THR39_1369_S01
MON2	4	11.11111111111111	THR39_1371_S01, THR39_1368_S01, THR39_1369_S01, THR39_1372_S01
MORF4L1	5	13.88888888888889	TH03_0112_S01, TH03_0112_S02, THR31_1386_S01, THR31_1392_S01, TH27_0976_S01
MSLN	4	11.11111111111111	TCGA-DX-A7EO-01, THR39_1365_S01, THR39_1377_S01, TCGA-DX-A7EQ-01
MSX1	8	22.22222222222222	TH03_0112_S02, THR39_1361_S01, THR39_1365_S01, THR39_1375_S01, THR31_1386_S01, TH27_0976_S01, THR39_1369_S01, TCGA-DX-A7EQ-01
MSX2	9	25	TCGA-DX-AB3B-01, TCGA-X6-A8C7-01, THR39_1361_S01, THR39_1362_S01, THR39_1365_S01, THR39_1375_S01, THR39_1377_S01, TH27_0976_S01, THR39_1369_S01
MTERF1	8	22.22222222222222	TCGA-FX-A8OO-01, TH03_0112_S02, THR39_1363_S01, THR39_1366_S01, THR39_1370_S01, THR39_1376_S01, THR39_1368_S01, THR39_1374_S01
NAALADL1	9	25	TCGA-DX-AB3B-01, TCGA-X6-A8C7-01, TCGA-DX-A7ER-01, TCGA-DX-AB3C-01, TH03_0112_S01, TH03_0112_S02, THR39_1366_S01, THR39_1373_S01, TH27_0976_S01
NAP1L1	5	13.88888888888889	TCGA-WK-A8XT-01, THR39_1363_S01, THR39_1376_S01, THR39_1368_S01, THR39_1374_S01
NDNF	4	11.11111111111111	THR39_1361_S01, THR39_1363_S01, THR39_1370_S01, THR39_1375_S01
NEFH	4	11.11111111111111	TCGA-FX-A8OO-01, THR39_1363_S01, THR31_1392_S01, THR39_1374_S01
NELL1	6	16.666666666666664	TCGA-X6-A8C7-01, TH03_0112_S01, TH03_0112_S02, THR39_1361_S01, THR39_1365_S01, THR39_1375_S01
NFATC4	5	13.88888888888889	TCGA-DX-A7EO-01, TCGA-DX-A7ER-01, TH03_0156_S01, THR39_1378_S01, TCGA-DX-A7EQ-01
NFYC	5	13.88888888888889	TCGA-X6-A8C7-01, TH03_0112_S01, TH03_0112_S02, THR39_1364_S01, THR31_1386_S01
NGF	6	16.666666666666664	TCGA-DX-AB3C-01, TH03_0112_S01, TH03_0112_S02, THR39_1364_S01, THR39_1366_S01, THR39_1378_S01
NGFR	4	11.11111111111111	TCGA-FX-A8OO-01, TH03_0112_S02, THR39_1367_S01, THR39_1371_S01
NKD2	8	22.22222222222222	TH03_0112_S02, THR39_1362_S01, THR39_1363_S01, THR39_1364_S01, THR39_1377_S01, THR31_1386_S01, THR39_1372_S01, THR39_1374_S01
NKX3-2	8	22.22222222222222	TCGA-DX-AB3B-01, TCGA-DX-A7ER-01, TH03_0112_S01, TH03_0112_S02, THR39_1360_S01, THR39_1367_S01, THR39_1369_S01, THR39_1372_S01
NLGN2	4	11.11111111111111	THR39_1360_S01, THR39_1371_S01, TH27_0976_S01, THR39_1368_S01
NNAT	12	33.33333333333333	TCGA-DX-AB3B-01, TCGA-WK-A8XT-01, TH03_0112_S01, TH03_0112_S02, THR39_1360_S01, THR39_1361_S01, THR39_1363_S01, THR39_1364_S01, THR39_1373_S01, THR31_1386_S01, THR39_1368_S01, THR39_1374_S01
NOB1	5	13.88888888888889	TCGA-FX-A8OO-01, TCGA-WK-A8XT-01, THR39_1363_S01, THR39_1370_S01, THR31_1393_S01
NOTUM	16	44.44444444444444	TCGA-MJ-A850-01, TCGA-DX-A7EO-01, TCGA-WK-A8XT-01, TCGA-Z4-AAPF-01, TH03_0112_S01, TH03_0112_S02, THR39_1362_S01, THR39_1363_S01, THR39_1364_S01, THR39_1365_S01, THR39_1366_S01, THR39_1371_S01, THR39_1377_S01, THR31_1392_S01, THR39_1374_S01, TCGA-DX-A7EQ-01
NPTX2	17	47.22222222222222	TCGA-DX-AB3B-01, TCGA-MJ-A850-01, TCGA-X6-A8C7-01, TH03_0112_S01, TH03_0112_S02, THR39_1361_S01, THR39_1362_S01, THR39_1365_S01, THR39_1366_S01, THR39_1367_S01, THR39_1370_S01, THR39_1371_S01, THR39_1376_S01, THR39_1377_S01, TH03_0156_S01, TH27_0976_S01, THR39_1372_S01
NPW	6	16.666666666666664	TCGA-DX-A7EO-01, TCGA-DX-A7ER-01, THR39_1376_S01, THR31_1393_S01, THR39_1374_S01, TCGA-DX-A7EQ-01
NR2F1	8	22.22222222222222	THR39_1363_S01, THR39_1364_S01, THR39_1370_S01, THR39_1373_S01, THR39_1376_S01, THR31_1393_S01, TH03_0156_S01, THR39_1374_S01
NR2F2	18	50	TCGA-FX-A8OO-01, TCGA-WK-A8XT-01, TH03_0112_S01, TH03_0112_S02, THR39_1363_S01, THR39_1364_S01, THR39_1366_S01, THR39_1367_S01, THR39_1370_S01, THR39_1371_S01, THR39_1373_S01, THR39_1376_S01, THR31_1386_S01, THR31_1392_S01, THR31_1393_S01, THR39_1368_S01, THR39_1372_S01, THR39_1374_S01
NRP2	5	13.88888888888889	THR39_1366_S01, THR39_1367_S01, THR39_1371_S01, THR31_1386_S01, THR31_1392_S01
NSMF	4	11.11111111111111	TH03_0112_S01, TH03_0112_S02, THR39_1364_S01, THR31_1386_S01
NTN1	4	11.11111111111111	TH03_0112_S01, THR39_1367_S01, THR31_1386_S01, THR39_1368_S01
NTNG2	14	38.88888888888889	TCGA-FX-A8OO-01, TCGA-WK-A8XT-01, TCGA-Z4-AAPF-01, TH03_0112_S01, TH03_0112_S02, THR39_1360_S01, THR39_1370_S01, THR39_1373_S01, THR39_1376_S01, THR31_1386_S01, THR31_1393_S01, THR39_1368_S01, THR39_1369_S01, THR39_1372_S01
OGN	12	33.33333333333333	TH03_0112_S02, THR39_1361_S01, THR39_1363_S01, THR39_1364_S01, THR39_1366_S01, THR39_1367_S01, THR39_1371_S01, THR39_1375_S01, THR39_1376_S01, THR39_1377_S01, THR31_1392_S01, THR39_1374_S01
OGT	7	19.444444444444446	THR39_1370_S01, THR39_1373_S01, THR39_1376_S01, TH03_0156_S01, THR39_1368_S01, THR39_1369_S01, THR39_1372_S01
OLFML1	16	44.44444444444444	TCGA-FX-A8OO-01, TCGA-WK-A8XT-01, TH03_0112_S01, THR39_1363_S01, THR39_1364_S01, THR39_1366_S01, THR39_1370_S01, THR39_1373_S01, THR39_1376_S01, THR39_1377_S01, THR31_1386_S01, THR31_1392_S01, THR31_1393_S01, TH03_0156_S01, TH27_0976_S01, THR39_1374_S01
OSR1	17	47.22222222222222	TCGA-MJ-A850-01, TCGA-DX-A7EO-01, TCGA-DX-A7ER-01, TCGA-FX-A8OO-01, TCGA-WK-A8XT-01, THR39_1360_S01, THR39_1363_S01, THR39_1364_S01, THR39_1367_S01, THR39_1370_S01, THR39_1373_S01, THR39_1376_S01, THR31_1386_S01, THR31_1392_S01, TH03_0156_S01, THR39_1368_S01, THR39_1374_S01
OSR2	10	27.77777777777778	TCGA-Z4-AAPF-01, THR39_1363_S01, THR39_1364_S01, THR39_1370_S01, THR31_1386_S01, TH03_0156_S01, THR39_1368_S01, THR39_1369_S01, THR39_1374_S01, TCGA-DX-A7EQ-01
OVOS2	9	25	TCGA-DX-A7EO-01, TCGA-Z4-AAPF-01, THR39_1360_S01, THR39_1362_S01, THR39_1371_S01, THR39_1373_S01, THR39_1368_S01, THR39_1369_S01, THR39_1372_S01
PAMR1	12	33.33333333333333	TCGA-DX-AB3B-01, TCGA-DX-A7ER-01, TCGA-WK-A8XT-01, TH03_0112_S01, TH03_0112_S02, THR39_1360_S01, THR39_1361_S01, THR39_1366_S01, THR39_1367_S01, THR39_1373_S01, THR31_1393_S01, TH03_0156_S01
PAX3	5	13.88888888888889	TCGA-X6-A8C7-01, TCGA-DX-A7EO-01, THR39_1365_S01, THR39_1375_S01, TH27_0976_S01
PAX7	5	13.88888888888889	TCGA-X6-A8C7-01, THR39_1365_S01, THR39_1375_S01, THR39_1377_S01, THR39_1369_S01
PCDHB10	4	11.11111111111111	TH03_0112_S02, THR39_1367_S01, THR39_1377_S01, THR39_1368_S01
PCDHB2	12	33.33333333333333	TCGA-DX-AB3B-01, TCGA-X6-A8C7-01, TH03_0112_S02, THR39_1361_S01, THR39_1362_S01, THR39_1364_S01, THR39_1365_S01, THR39_1375_S01, THR31_1392_S01, TH27_0976_S01, THR39_1368_S01, THR39_1372_S01
PCDHGA5	5	13.88888888888889	TCGA-WK-A8XT-01, THR31_1386_S01, THR31_1392_S01, THR39_1368_S01, THR39_1372_S01
PDGFRA	11	30.555555555555557	TCGA-WK-A8XT-01, THR39_1361_S01, THR39_1363_S01, THR39_1366_S01, THR39_1367_S01, THR39_1370_S01, THR39_1376_S01, THR31_1386_S01, THR31_1392_S01, THR39_1368_S01, THR39_1374_S01
PDZD4	22	61.111111111111114	TCGA-MJ-A850-01, TCGA-X6-A8C7-01, TCGA-DX-A7EO-01, TCGA-DX-A7ER-01, TCGA-DX-AB3C-01, TCGA-WK-A8XT-01, TH03_0112_S01, TH03_0112_S02, THR39_1360_S01, THR39_1362_S01, THR39_1365_S01, THR39_1366_S01, THR39_1371_S01, THR39_1375_S01, THR39_1377_S01, THR31_1386_S01, TH27_0976_S01, THR39_1368_S01, THR39_1369_S01, THR39_1372_S01, THR39_1378_S01, TCGA-DX-A7EQ-01
PHF23	4	11.11111111111111	TH03_0112_S01, THR39_1371_S01, TH27_0976_S01, THR39_1372_S01
PIGC	10	27.77777777777778	TCGA-X6-A8C7-01, TCGA-DX-A7EO-01, TCGA-FX-A8OO-01, THR39_1364_S01, THR39_1370_S01, THR39_1376_S01, THR31_1386_S01, TH03_0156_S01, THR39_1368_S01, THR39_1372_S01
PLAGL1	5	13.88888888888889	TCGA-DX-AB3B-01, TCGA-X6-A8C7-01, TH03_0156_S01, THR39_1368_S01, THR39_1369_S01
PNISR	4	11.11111111111111	THR39_1375_S01, THR39_1376_S01, THR39_1368_S01, THR39_1369_S01
PNMA5	6	16.666666666666664	THR39_1363_S01, THR39_1364_S01, THR39_1366_S01, THR31_1393_S01, THR39_1372_S01, THR39_1374_S01
PP7080	8	22.22222222222222	TCGA-X6-A8C7-01, TCGA-DX-A7EO-01, THR39_1362_S01, THR39_1365_S01, THR39_1376_S01, THR39_1377_S01, THR39_1368_S01, THR39_1372_S01
PPWD1	7	19.444444444444446	THR39_1371_S01, THR39_1373_S01, THR39_1375_S01, THR39_1376_S01, THR39_1377_S01, THR39_1368_S01, THR39_1369_S01
PRKD3	4	11.11111111111111	THR39_1363_S01, THR39_1370_S01, TH27_0976_S01, THR39_1374_S01
PRPH	15	41.66666666666667	TCGA-MJ-A850-01, TCGA-DX-A7ER-01, TCGA-DX-AB3C-01, TCGA-WK-A8XT-01, THR39_1361_S01, THR39_1362_S01, THR39_1365_S01, THR39_1367_S01, THR39_1370_S01, THR39_1373_S01, THR39_1376_S01, THR39_1377_S01, THR31_1393_S01, TH03_0156_S01, THR39_1374_S01
PRRT1	4	11.11111111111111	TCGA-DX-AB3B-01, TCGA-DX-A7ER-01, THR31_1386_S01, THR39_1368_S01
PRRT2	7	19.444444444444446	THR39_1360_S01, THR39_1366_S01, THR39_1370_S01, THR39_1373_S01, THR39_1376_S01, TH03_0156_S01, THR39_1368_S01
PRRX2	4	11.11111111111111	TCGA-MJ-A850-01, TH03_0112_S01, THR31_1386_S01, TH27_0976_S01
PTCH1	10	27.77777777777778	TCGA-WK-A8XT-01, TH03_0112_S02, THR39_1362_S01, THR39_1366_S01, THR39_1367_S01, THR39_1371_S01, THR39_1373_S01, THR39_1377_S01, THR31_1386_S01, THR31_1393_S01
PTH1R	9	25	TCGA-MJ-A850-01, TCGA-DX-A7ER-01, TCGA-FX-A8OO-01, TH03_0112_S02, THR39_1364_S01, THR39_1366_S01, TH27_0976_S01, THR39_1378_S01, TCGA-DX-A7EQ-01
RAB28	4	11.11111111111111	TCGA-DX-AB3B-01, TH03_0112_S02, THR39_1367_S01, THR39_1372_S01
RASL11B	25	69.44444444444444	TCGA-DX-AB3B-01, TCGA-MJ-A850-01, TCGA-X6-A8C7-01, TCGA-DX-A7ER-01, TCGA-FX-A8OO-01, TCGA-WK-A8XT-01, TH03_0112_S01, TH03_0112_S02, THR39_1360_S01, THR39_1361_S01, THR39_1363_S01, THR39_1364_S01, THR39_1366_S01, THR39_1370_S01, THR39_1375_S01, THR39_1376_S01, THR39_1377_S01, THR31_1386_S01, THR31_1392_S01, THR31_1393_S01, TH03_0156_S01, TH27_0976_S01, THR39_1368_S01, THR39_1374_S01, TCGA-DX-A7EQ-01
RBFOX2	20	55.55555555555556	TCGA-X6-A8C7-01, THR39_1360_S01, THR39_1361_S01, THR39_1363_S01, THR39_1364_S01, THR39_1366_S01, THR39_1367_S01, THR39_1370_S01, THR39_1371_S01, THR39_1373_S01, THR39_1375_S01, THR39_1376_S01, THR31_1386_S01, THR31_1392_S01, THR31_1393_S01, TH03_0156_S01, TH27_0976_S01, THR39_1368_S01, THR39_1369_S01, THR39_1374_S01
RBFOX3	13	36.11111111111111	TCGA-X6-A8C7-01, TCGA-FX-A8OO-01, TCGA-WK-A8XT-01, TH03_0112_S01, TH03_0112_S02, THR39_1360_S01, THR39_1364_S01, THR39_1371_S01, TH03_0156_S01, THR39_1368_S01, THR39_1369_S01, THR39_1372_S01, THR39_1378_S01
RBMX	9	25	TCGA-WK-A8XT-01, THR39_1363_S01, THR39_1364_S01, THR39_1370_S01, THR39_1371_S01, THR39_1376_S01, THR39_1368_S01, THR39_1369_S01, THR39_1374_S01
RBMX2	8	22.22222222222222	TH03_0112_S01, TH03_0112_S02, THR39_1364_S01, THR39_1370_S01, THR39_1368_S01, THR39_1369_S01, THR39_1374_S01, THR39_1378_S01
RCBTB2	7	19.444444444444446	THR39_1360_S01, THR39_1364_S01, THR39_1366_S01, THR39_1367_S01, THR39_1371_S01, THR39_1368_S01, THR39_1374_S01
RGS3	10	27.77777777777778	TCGA-DX-AB3B-01, TCGA-MJ-A850-01, TCGA-DX-A7ER-01, TCGA-Z4-AAPF-01, THR39_1360_S01, THR39_1367_S01, THR39_1371_S01, THR39_1373_S01, TH03_0156_S01, TH27_0976_S01
RHOJ	4	11.11111111111111	THR39_1364_S01, THR39_1371_S01, TH03_0156_S01, THR39_1369_S01
RNF212	26	72.22222222222221	TCGA-DX-AB3B-01, TCGA-MJ-A850-01, TCGA-X6-A8C7-01, TCGA-DX-A7ER-01, TCGA-DX-AB3C-01, TH03_0112_S01, TH03_0112_S02, THR39_1360_S01, THR39_1361_S01, THR39_1363_S01, THR39_1364_S01, THR39_1365_S01, THR39_1366_S01, THR39_1370_S01, THR39_1371_S01, THR39_1373_S01, THR39_1375_S01, THR39_1377_S01, THR31_1386_S01, TH03_0156_S01, TH27_0976_S01, THR39_1368_S01, THR39_1369_S01, THR39_1372_S01, THR39_1374_S01, THR39_1378_S01
RP1-20B21.4	4	11.11111111111111	TCGA-DX-A7EO-01, TCGA-DX-A7ER-01, THR39_1378_S01, TCGA-DX-A7EQ-01
RP11-161M6.2	10	27.77777777777778	TCGA-DX-A7ER-01, TH03_0112_S02, THR39_1360_S01, THR39_1362_S01, THR39_1371_S01, THR39_1368_S01, THR39_1369_S01, THR39_1372_S01, THR39_1378_S01, TCGA-DX-A7EQ-01
RP11-234G16.4	4	11.11111111111111	THR39_1360_S01, THR39_1367_S01, THR39_1368_S01, THR39_1369_S01
RP11-323N12.5	7	19.444444444444446	TH03_0112_S02, THR31_1386_S01, THR31_1392_S01, THR31_1393_S01, TH27_0976_S01, THR39_1378_S01, TCGA-DX-A7EQ-01
RP11-466H18.1	4	11.11111111111111	TH03_0112_S02, THR31_1386_S01, THR31_1393_S01, TCGA-DX-A7EQ-01
RP11-680F20.12	4	11.11111111111111	TH03_0112_S01, TH03_0112_S02, THR31_1386_S01, THR31_1393_S01
RP4-765C7.2	6	16.666666666666664	THR39_1361_S01, THR39_1365_S01, THR39_1373_S01, THR39_1375_S01, THR39_1377_S01, THR39_1368_S01
RPL13P12	4	11.11111111111111	THR39_1366_S01, THR39_1377_S01, THR31_1386_S01, THR31_1392_S01
RPL3P4	5	13.88888888888889	TCGA-DX-AB3B-01, TCGA-DX-A7ER-01, TCGA-DX-AB3C-01, THR39_1367_S01, TCGA-DX-A7EQ-01
RPL4	8	22.22222222222222	TCGA-DX-A7EO-01, TCGA-DX-A7ER-01, TCGA-DX-AB3C-01, TCGA-FX-A8OO-01, THR39_1363_S01, THR31_1386_S01, THR31_1392_S01, TCGA-DX-A7EQ-01
RPL6	6	16.666666666666664	TCGA-DX-A7EO-01, TCGA-DX-A7ER-01, TCGA-DX-AB3C-01, TCGA-FX-A8OO-01, TCGA-WK-A8XT-01, THR39_1374_S01
RPRM	4	11.11111111111111	TCGA-X6-A8C7-01, TCGA-Z4-AAPF-01, THR39_1362_S01, THR39_1368_S01
RSL1D1	4	11.11111111111111	THR39_1363_S01, THR31_1392_S01, THR31_1393_S01, THR39_1374_S01
RUNX1T1	5	13.88888888888889	THR39_1363_S01, THR39_1364_S01, THR39_1370_S01, THR39_1376_S01, THR31_1386_S01
SACS	4	11.11111111111111	TCGA-Z4-AAPF-01, THR39_1363_S01, THR39_1370_S01, THR39_1372_S01
SAMD11	9	25	TCGA-DX-AB3B-01, TCGA-X6-A8C7-01, TCGA-Z4-AAPF-01, THR39_1362_S01, THR39_1365_S01, THR39_1375_S01, TH27_0976_S01, THR39_1368_S01, THR39_1369_S01
SCARF2	4	11.11111111111111	THR39_1360_S01, THR39_1371_S01, THR31_1386_S01, TH27_0976_S01
SCN4B	20	55.55555555555556	TCGA-DX-A7ER-01, TCGA-FX-A8OO-01, TCGA-WK-A8XT-01, TH03_0112_S01, TH03_0112_S02, THR39_1360_S01, THR39_1362_S01, THR39_1366_S01, THR39_1367_S01, THR39_1370_S01, THR39_1376_S01, THR39_1377_S01, THR31_1386_S01, THR31_1392_S01, THR31_1393_S01, TH03_0156_S01, TH27_0976_S01, THR39_1368_S01, THR39_1369_S01, THR39_1372_S01
SCUBE1	7	19.444444444444446	TCGA-DX-AB3B-01, TH03_0112_S02, THR39_1360_S01, THR39_1361_S01, THR31_1386_S01, TH27_0976_S01, THR39_1369_S01
SCX	30	83.33333333333334	TCGA-DX-AB3B-01, TCGA-MJ-A850-01, TCGA-X6-A8C7-01, TCGA-DX-A7EO-01, TCGA-DX-A7ER-01, TCGA-DX-AB3C-01, TCGA-FX-A8OO-01, TCGA-WK-A8XT-01, TCGA-Z4-AAPF-01, TH03_0112_S01, TH03_0112_S02, THR39_1360_S01, THR39_1361_S01, THR39_1362_S01, THR39_1364_S01, THR39_1365_S01, THR39_1366_S01, THR39_1367_S01, THR39_1371_S01, THR39_1373_S01, THR39_1375_S01, THR39_1377_S01, THR31_1386_S01, THR31_1393_S01, TH27_0976_S01, THR39_1368_S01, THR39_1369_S01, THR39_1372_S01, THR39_1378_S01, TCGA-DX-A7EQ-01
SERTAD4	10	27.77777777777778	TCGA-DX-AB3B-01, TCGA-X6-A8C7-01, THR39_1360_S01, THR39_1361_S01, THR39_1366_S01, THR39_1367_S01, THR39_1371_S01, THR39_1375_S01, THR39_1368_S01, THR39_1369_S01
SFRP5	7	19.444444444444446	TH03_0112_S01, THR39_1364_S01, THR39_1371_S01, THR39_1373_S01, TH03_0156_S01, THR39_1372_S01, TCGA-DX-A7EQ-01
SFSWAP	5	13.88888888888889	THR31_1386_S01, TH27_0976_S01, THR39_1368_S01, THR39_1369_S01, THR39_1372_S01
SHISA2	29	80.55555555555556	TCGA-DX-AB3B-01, TCGA-X6-A8C7-01, TCGA-DX-A7EO-01, TCGA-DX-A7ER-01, TCGA-DX-AB3C-01, TCGA-FX-A8OO-01, TCGA-WK-A8XT-01, TCGA-Z4-AAPF-01, TH03_0112_S01, TH03_0112_S02, THR39_1360_S01, THR39_1361_S01, THR39_1362_S01, THR39_1365_S01, THR39_1366_S01, THR39_1367_S01, THR39_1370_S01, THR39_1371_S01, THR39_1375_S01, THR39_1377_S01, THR31_1386_S01, THR31_1392_S01, THR31_1393_S01, TH03_0156_S01, TH27_0976_S01, THR39_1368_S01, THR39_1369_S01, THR39_1374_S01, THR39_1378_S01
SHOX2	9	25	TCGA-X6-A8C7-01, THR39_1361_S01, THR39_1362_S01, THR39_1363_S01, THR39_1365_S01, THR39_1366_S01, THR39_1367_S01, THR39_1375_S01, THR39_1377_S01
SIX1	22	61.111111111111114	TCGA-DX-AB3B-01, TCGA-MJ-A850-01, TCGA-X6-A8C7-01, TCGA-FX-A8OO-01, TCGA-WK-A8XT-01, TCGA-Z4-AAPF-01, THR39_1361_S01, THR39_1363_S01, THR39_1364_S01, THR39_1365_S01, THR39_1367_S01, THR39_1370_S01, THR39_1373_S01, THR39_1375_S01, THR39_1376_S01, THR39_1377_S01, THR31_1386_S01, THR31_1393_S01, TH27_0976_S01, THR39_1368_S01, THR39_1374_S01, TCGA-DX-A7EQ-01
SIX2	9	25	TCGA-DX-A7ER-01, THR39_1367_S01, THR39_1370_S01, THR39_1371_S01, THR31_1386_S01, THR31_1392_S01, THR31_1393_S01, THR39_1369_S01, TCGA-DX-A7EQ-01
SIX3	5	13.88888888888889	THR31_1386_S01, THR31_1392_S01, THR31_1393_S01, THR39_1378_S01, TCGA-DX-A7EQ-01
SIX4	7	19.444444444444446	THR39_1363_S01, THR39_1364_S01, THR39_1370_S01, THR39_1376_S01, THR31_1393_S01, TH27_0976_S01, THR39_1374_S01
SIX5	4	11.11111111111111	TH03_0112_S01, TH03_0112_S02, THR31_1386_S01, THR39_1368_S01
SKI	8	22.22222222222222	TCGA-DX-AB3B-01, TCGA-X6-A8C7-01, THR39_1360_S01, THR39_1367_S01, THR39_1371_S01, THR31_1386_S01, THR31_1392_S01, THR39_1369_S01
SNED1	7	19.444444444444446	TH03_0112_S02, THR39_1364_S01, THR39_1371_S01, THR39_1376_S01, THR31_1392_S01, THR39_1372_S01, THR39_1374_S01
SOHLH1	12	33.33333333333333	TCGA-Z4-AAPF-01, TH03_0112_S01, TH03_0112_S02, THR39_1362_S01, THR39_1366_S01, THR39_1367_S01, THR31_1386_S01, THR31_1393_S01, TH27_0976_S01, THR39_1369_S01, THR39_1378_S01, TCGA-DX-A7EQ-01
SORCS2	5	13.88888888888889	TH03_0112_S01, TH03_0112_S02, THR31_1386_S01, TH27_0976_S01, THR39_1372_S01
SOSTDC1	8	22.22222222222222	TCGA-FX-A8OO-01, TH03_0112_S01, TH03_0112_S02, THR39_1364_S01, THR39_1373_S01, TH03_0156_S01, THR39_1368_S01, THR39_1372_S01
SOX8	17	47.22222222222222	TCGA-DX-AB3B-01, TCGA-MJ-A850-01, TCGA-DX-A7ER-01, TCGA-WK-A8XT-01, TCGA-Z4-AAPF-01, TH03_0112_S01, TH03_0112_S02, THR39_1360_S01, THR39_1362_S01, THR39_1364_S01, THR39_1371_S01, THR31_1386_S01, THR31_1393_S01, THR39_1368_S01, THR39_1369_S01, THR39_1372_S01, TCGA-DX-A7EQ-01
SS18	17	47.22222222222222	TCGA-X6-A8C7-01, TH03_0112_S01, TH03_0112_S02, THR39_1360_S01, THR39_1362_S01, THR39_1364_S01, THR39_1365_S01, THR39_1366_S01, THR39_1370_S01, THR39_1373_S01, THR39_1375_S01, THR31_1386_S01, TH03_0156_S01, TH27_0976_S01, THR39_1368_S01, THR39_1369_S01, THR39_1372_S01
SSX1	17	47.22222222222222	TCGA-DX-AB3B-01, TCGA-MJ-A850-01, TCGA-X6-A8C7-01, TH03_0112_S01, TH03_0112_S02, THR39_1360_S01, THR39_1361_S01, THR39_1362_S01, THR39_1365_S01, THR39_1371_S01, THR39_1373_S01, THR39_1375_S01, THR31_1386_S01, THR31_1392_S01, THR31_1393_S01, TH03_0156_S01, TH27_0976_S01
STK3	5	13.88888888888889	THR39_1363_S01, THR39_1364_S01, THR39_1370_S01, THR39_1368_S01, THR39_1369_S01
SUCO	17	47.22222222222222	TCGA-FX-A8OO-01, TH03_0112_S01, TH03_0112_S02, THR39_1363_S01, THR39_1364_S01, THR39_1370_S01, THR39_1371_S01, THR39_1373_S01, THR39_1376_S01, THR31_1386_S01, THR31_1392_S01, TH03_0156_S01, TH27_0976_S01, THR39_1368_S01, THR39_1369_S01, THR39_1372_S01, THR39_1374_S01
SYCE1	4	11.11111111111111	TCGA-MJ-A850-01, TCGA-DX-AB3C-01, TCGA-WK-A8XT-01, THR39_1376_S01
SYNGAP1	4	11.11111111111111	THR39_1360_S01, THR31_1386_S01, THR39_1368_S01, THR39_1369_S01
TBX1	5	13.88888888888889	THR39_1362_S01, THR39_1365_S01, THR39_1366_S01, THR39_1377_S01, THR39_1372_S01
TBX18	14	38.88888888888889	TCGA-MJ-A850-01, TCGA-FX-A8OO-01, THR39_1361_S01, THR39_1363_S01, THR39_1364_S01, THR39_1367_S01, THR39_1370_S01, THR39_1373_S01, THR39_1376_S01, THR31_1392_S01, THR31_1393_S01, TH03_0156_S01, TH27_0976_S01, THR39_1374_S01
TCEAL2	5	13.88888888888889	TCGA-DX-AB3B-01, THR39_1367_S01, THR39_1371_S01, THR39_1372_S01, TCGA-DX-A7EQ-01
TCEAL7	19	52.77777777777778	TCGA-DX-AB3B-01, TCGA-DX-A7ER-01, TCGA-WK-A8XT-01, TCGA-Z4-AAPF-01, TH03_0112_S01, THR39_1361_S01, THR39_1365_S01, THR39_1366_S01, THR39_1367_S01, THR39_1371_S01, THR39_1373_S01, THR39_1375_S01, THR39_1377_S01, THR31_1392_S01, TH27_0976_S01, THR39_1368_S01, THR39_1369_S01, THR39_1372_S01, THR39_1378_S01
TCF7L2	7	19.444444444444446	TCGA-X6-A8C7-01, TCGA-DX-AB3C-01, TH03_0112_S01, TH03_0112_S02, THR39_1366_S01, THR39_1367_S01, THR39_1368_S01
TENM3	7	19.444444444444446	TCGA-DX-AB3C-01, TCGA-WK-A8XT-01, THR39_1361_S01, THR39_1367_S01, THR39_1377_S01, TH27_0976_S01, THR39_1369_S01
TGFB2	16	44.44444444444444	TCGA-MJ-A850-01, TCGA-WK-A8XT-01, THR39_1361_S01, THR39_1363_S01, THR39_1364_S01, THR39_1370_S01, THR39_1371_S01, THR39_1373_S01, THR39_1375_S01, THR39_1376_S01, THR39_1377_S01, THR31_1392_S01, TH27_0976_S01, THR39_1368_S01, THR39_1369_S01, THR39_1374_S01
TGFB2-OT1	17	47.22222222222222	TCGA-MJ-A850-01, TCGA-DX-A7EO-01, TCGA-DX-A7ER-01, TCGA-DX-AB3C-01, TCGA-WK-A8XT-01, TCGA-Z4-AAPF-01, THR39_1361_S01, THR39_1363_S01, THR39_1364_S01, THR39_1371_S01, THR39_1373_S01, THR39_1375_S01, THR39_1376_S01, THR39_1377_S01, THR39_1368_S01, THR39_1374_S01, TCGA-DX-A7EQ-01
TGFBR3	5	13.88888888888889	THR39_1361_S01, THR39_1366_S01, THR39_1367_S01, THR31_1386_S01, TH27_0976_S01
THBS3	11	30.555555555555557	TCGA-DX-AB3B-01, TCGA-X6-A8C7-01, TCGA-DX-A7EO-01, TCGA-DX-AB3C-01, TH03_0112_S01, TH03_0112_S02, THR39_1373_S01, THR31_1386_S01, THR39_1368_S01, THR39_1378_S01, TCGA-DX-A7EQ-01
TLE1	26	72.22222222222221	TCGA-X6-A8C7-01, TCGA-WK-A8XT-01, TH03_0112_S01, TH03_0112_S02, THR39_1360_S01, THR39_1361_S01, THR39_1363_S01, THR39_1364_S01, THR39_1365_S01, THR39_1366_S01, THR39_1367_S01, THR39_1370_S01, THR39_1371_S01, THR39_1373_S01, THR39_1375_S01, THR39_1376_S01, THR39_1377_S01, THR31_1386_S01, THR31_1392_S01, THR31_1393_S01, TH03_0156_S01, TH27_0976_S01, THR39_1368_S01, THR39_1369_S01, THR39_1372_S01, THR39_1374_S01
TLE4	13	36.11111111111111	THR39_1361_S01, THR39_1363_S01, THR39_1364_S01, THR39_1366_S01, THR39_1367_S01, THR39_1370_S01, THR39_1375_S01, THR39_1377_S01, THR31_1386_S01, THR31_1392_S01, TH27_0976_S01, THR39_1368_S01, THR39_1374_S01
TMEM100	6	16.666666666666664	TCGA-DX-AB3B-01, TCGA-DX-AB3C-01, THR39_1360_S01, THR39_1361_S01, THR39_1366_S01, THR39_1367_S01
TMEM132C	15	41.66666666666667	TCGA-FX-A8OO-01, TCGA-WK-A8XT-01, TH03_0112_S02, THR39_1360_S01, THR39_1361_S01, THR39_1362_S01, THR39_1363_S01, THR39_1364_S01, THR39_1371_S01, THR39_1373_S01, THR31_1386_S01, THR31_1392_S01, TH27_0976_S01, THR39_1369_S01, THR39_1374_S01
TMEM185A	4	11.11111111111111	THR39_1364_S01, THR39_1368_S01, THR39_1369_S01, THR39_1372_S01
TMEM59L	32	88.88888888888889	TCGA-DX-AB3B-01, TCGA-MJ-A850-01, TCGA-X6-A8C7-01, TCGA-DX-A7EO-01, TCGA-DX-A7ER-01, TCGA-DX-AB3C-01, TCGA-FX-A8OO-01, TCGA-WK-A8XT-01, TCGA-Z4-AAPF-01, TH03_0112_S01, TH03_0112_S02, THR39_1360_S01, THR39_1361_S01, THR39_1362_S01, THR39_1365_S01, THR39_1366_S01, THR39_1367_S01, THR39_1370_S01, THR39_1371_S01, THR39_1373_S01, THR39_1375_S01, THR39_1377_S01, THR31_1386_S01, THR31_1392_S01, THR31_1393_S01, TH03_0156_S01, TH27_0976_S01, THR39_1368_S01, THR39_1369_S01, THR39_1372_S01, THR39_1374_S01, TCGA-DX-A7EQ-01
TNFRSF19	6	16.666666666666664	THR39_1362_S01, THR39_1363_S01, THR39_1370_S01, THR39_1376_S01, THR39_1372_S01, THR39_1374_S01
TNFRSF4	5	13.88888888888889	TCGA-MJ-A850-01, TCGA-Z4-AAPF-01, THR39_1362_S01, THR31_1386_S01, TCGA-DX-A7EQ-01
TNNI3	5	13.88888888888889	TCGA-DX-A7EO-01, TH03_0112_S01, THR39_1377_S01, THR39_1378_S01, TCGA-DX-A7EQ-01
TNNT3	4	11.11111111111111	TCGA-MJ-A850-01, TCGA-FX-A8OO-01, TCGA-Z4-AAPF-01, TCGA-DX-A7EQ-01
TRPS1	19	52.77777777777778	TCGA-DX-AB3B-01, TCGA-X6-A8C7-01, TH03_0112_S01, TH03_0112_S02, THR39_1360_S01, THR39_1363_S01, THR39_1366_S01, THR39_1367_S01, THR39_1370_S01, THR39_1371_S01, THR39_1376_S01, THR31_1386_S01, THR31_1392_S01, THR31_1393_S01, TH27_0976_S01, THR39_1368_S01, THR39_1369_S01, THR39_1372_S01, THR39_1374_S01
TSHZ1	9	25	TCGA-DX-AB3B-01, TCGA-X6-A8C7-01, TCGA-WK-A8XT-01, THR39_1360_S01, THR39_1361_S01, THR31_1386_S01, THR31_1392_S01, THR39_1368_S01, THR39_1372_S01
TWIST1	10	27.77777777777778	TCGA-DX-AB3B-01, TH03_0112_S01, TH03_0112_S02, THR39_1360_S01, THR39_1361_S01, THR39_1366_S01, THR39_1371_S01, THR39_1375_S01, THR31_1386_S01, THR39_1369_S01
TWIST2	5	13.88888888888889	TCGA-MJ-A850-01, THR39_1363_S01, THR39_1364_S01, THR39_1372_S01, THR39_1374_S01
UBTF	4	11.11111111111111	TCGA-X6-A8C7-01, THR39_1360_S01, THR31_1386_S01, THR39_1369_S01
USP32P3	7	19.444444444444446	THR39_1364_S01, THR39_1370_S01, THR39_1373_S01, THR31_1393_S01, TH03_0156_S01, THR39_1368_S01, THR39_1374_S01
UTP14A	5	13.88888888888889	TCGA-FX-A8OO-01, THR39_1363_S01, THR39_1364_S01, THR31_1386_S01, THR39_1374_S01
WFDC1	5	13.88888888888889	TCGA-X6-A8C7-01, THR39_1362_S01, THR39_1373_S01, THR31_1386_S01, THR31_1393_S01
WIF1	23	63.888888888888886	TCGA-MJ-A850-01, TCGA-DX-A7EO-01, TCGA-FX-A8OO-01, TCGA-WK-A8XT-01, THR39_1361_S01, THR39_1362_S01, THR39_1363_S01, THR39_1364_S01, THR39_1365_S01, THR39_1366_S01, THR39_1367_S01, THR39_1370_S01, THR39_1373_S01, THR39_1375_S01, THR39_1377_S01, THR31_1386_S01, THR31_1392_S01, TH03_0156_S01, TH27_0976_S01, THR39_1369_S01, THR39_1372_S01, THR39_1374_S01, TCGA-DX-A7EQ-01
WNT11	9	25	TH03_0112_S01, TH03_0112_S02, THR39_1363_S01, THR39_1364_S01, THR39_1371_S01, TH27_0976_S01, THR39_1372_S01, THR39_1374_S01, TCGA-DX-A7EQ-01
WNT5A	6	16.666666666666664	THR39_1363_S01, THR39_1364_S01, THR39_1366_S01, THR39_1367_S01, THR39_1377_S01, THR31_1392_S01
XG	5	13.88888888888889	TCGA-DX-A7EO-01, THR39_1375_S01, THR31_1386_S01, TH27_0976_S01, THR39_1372_S01
ZDHHC17	4	11.11111111111111	THR39_1371_S01, THR39_1368_S01, THR39_1369_S01, THR39_1372_S01
ZFHX3	4	11.11111111111111	THR39_1364_S01, THR39_1373_S01, THR31_1386_S01, THR31_1393_S01
ZFHX4	9	25	THR39_1363_S01, THR39_1364_S01, THR39_1370_S01, THR39_1373_S01, THR39_1376_S01, THR31_1392_S01, THR31_1393_S01, TH03_0156_S01, THR39_1374_S01
ZFHX4-AS1	13	36.11111111111111	TCGA-MJ-A850-01, TCGA-FX-A8OO-01, TCGA-WK-A8XT-01, THR39_1360_S01, THR39_1363_S01, THR39_1364_S01, THR39_1370_S01, THR39_1373_S01, THR39_1376_S01, THR31_1392_S01, THR31_1393_S01, TH03_0156_S01, THR39_1374_S01
ZIC2	19	52.77777777777778	TCGA-DX-AB3B-01, TCGA-X6-A8C7-01, TCGA-WK-A8XT-01, TCGA-Z4-AAPF-01, TH03_0112_S01, TH03_0112_S02, THR39_1360_S01, THR39_1362_S01, THR39_1363_S01, THR39_1371_S01, THR39_1376_S01, THR39_1377_S01, THR31_1386_S01, THR31_1392_S01, THR31_1393_S01, THR39_1368_S01, THR39_1369_S01, THR39_1372_S01, TCGA-DX-A7EQ-01
ZNF280D	13	36.11111111111111	THR39_1360_S01, THR39_1361_S01, THR39_1363_S01, THR39_1364_S01, THR39_1366_S01, THR39_1370_S01, THR39_1371_S01, THR39_1373_S01, THR39_1375_S01, THR39_1376_S01, THR39_1368_S01, THR39_1369_S01, THR39_1374_S01
ZNF423	6	16.666666666666664	TCGA-DX-AB3B-01, TCGA-X6-A8C7-01, THR39_1364_S01, THR39_1377_S01, THR31_1392_S01, THR39_1369_S01
ZNF521	4	11.11111111111111	TCGA-X6-A8C7-01, THR39_1363_S01, THR39_1367_S01, THR31_1386_S01
ZNF608	8	22.22222222222222	THR39_1364_S01, THR39_1366_S01, THR39_1370_S01, THR39_1371_S01, THR39_1373_S01, THR39_1376_S01, THR31_1392_S01, THR39_1372_S01
ZNF711	4	11.11111111111111	THR39_1370_S01, THR39_1371_S01, THR39_1373_S01, THR39_1369_S01
